{
  "format_version": "1.8.0",
  "animations": {
    "lever_down": {
      "animation_length": 0.5,
      "bones": {
        "right_arm": {
          "rotation": {
            "0.0": {
              "post": {
                "vector": [-119.25167, -23.88704, 6.16745]
              },
              "lerp_mode": "catmullrom"
            },
            "0.0417": {
              "post": {
                "vector": [-117.34352, -24.59532, 5.65566]
              }
            },
            "0.0833": {
              "post": {
                "vector": [-108.4338, -28.25383, 3.01211]
              }
            },
            "0.125": {
              "post": {
                "vector": [-62.4225, -31.91234, 0.36855]
              }
            },
            "0.1667": {
              "post": {
                "vector": [-54.66653, -32.62062, -0.14323]
              }
            },
            "0.2083": {
              "post": {
                "vector": [-52.00404, -31.03186, -0.13626]
              }
            },
            "0.25": {
              "post": {
                "vector": [-45.54906, -27.18004, -0.11934]
              }
            },
            "0.2917": {
              "post": {
                "vector": [-36.93564, -22.04024, -0.09678]
              }
            },
            "0.375": {
              "post": {
                "vector": [-17.73088, -10.58038, -0.04646]
              }
            },
            "0.4167": {
              "post": {
                "vector": [-9.11747, -5.44058, -0.02389]
              }
            },
            "0.4583": {
              "post": {
                "vector": [-2.66249, -1.58876, -0.00698]
              }
            },
            "0.5": {
              "post": {
                "vector": [0, 0, 0]
              }
            }
          },
          "position": {
            "0.0": {
              "vector": [0, 0, 0]
            },
            "0.1667": {
              "vector": [0, 0, 0],
              "easing": "bezier",
              "left": [0, 0, 0],
              "left_time": [-0.1, -0.1, -0.1],
              "right": [0, 0, 0],
              "right_time": [0.1, 0.1, 0.1]
            },
            "0.2083": [0, 0, 0],
            "0.5": {
              "vector": [0, 0, 0],
              "easing": "bezier",
              "left": [0, 0, 0],
              "left_time": [-0.1, -0.1, -0.1],
              "right": [0, 0, 0],
              "right_time": [0.1, 0.1, 0.1]
            }
          },
          "scale": {
            "0.0": {
              "vector": [1, 1, 1]
            }
          }
        },
        "left_arm": {
          "rotation": {
            "0.0": {
              "post": {
                "vector": [-113.00397, 35.33474, -4.49101]
              },
              "lerp_mode": "catmullrom"
            },
            "0.0417": {
              "post": {
                "vector": [-109.26064, 35.06323, -2.2927]
              }
            },
            "0.0833": {
              "post": {
                "vector": [-99.96259, 32.16695, 8.40813]
              }
            },
            "0.125": {
              "post": {
                "vector": [-59.08093, 24.12294, 16.85462]
              }
            },
            "0.1667": {
              "post": {
                "vector": [-47.73475, 16.82028, 15.97381]
              }
            },
            "0.2083": {
              "post": {
                "vector": [-42.03269, 7.15134, 13.05786]
              }
            },
            "0.25": {
              "post": {
                "vector": [-34.97967, -6.37075, 10.27493]
              }
            },
            "0.2917": {
              "post": {
                "vector": [-27.33153, -18.03706, 7.67771]
              }
            },
            "0.3333": {
              "post": {
                "vector": [-19.65493, -23.75591, 5.32018]
              }
            },
            "0.375": {
              "post": {
                "vector": [-12.45863, -23.53393, 3.2667]
              }
            },
            "0.4167": {
              "post": {
                "vector": [-6.2836, -18.743, 1.60205]
              }
            },
            "0.4583": {
              "post": {
                "vector": [-1.80451, -10.61037, 0.44857]
              }
            },
            "0.5": {
              "post": {
                "vector": [0, 0, 0]
              }
            }
          },
          "position": {
            "0.0": {
              "vector": [0, 0, 0]
            }
          }
        }
      }
    }
  },
  "geckolib_format_version": 2
}
