{
	"format_version": "1.8.0",
	"animations": {
		"lever_shake": {
			"animation_length": 3.75,
			"bones": {
				"right_arm": {
					"rotation": {
						"0.0": {
							"post": {
								"vector": [-119.25167, -23.88704, 6.16745]
							},
							"lerp_mode": "catmullrom"
						}
					},
					"position": {
						"0.0": {
							"vector": [0, 0, 0],
							"easing": "bezier",
							"left": [0, -0.21702, 0],
							"left_time": [-0.1, -0.18486, -0.1],
							"right": [0, 0.21702, 0],
							"right_time": [0.1, 0.18486, 0.1]
						},
						"0.0417": [0, 0.04479, 0],
						"0.0833": [0, 0.07462, 0],
						"0.1667": [0, 0.02538, 0],
						"0.2083": [0, 0.05521, 0],
						"0.25": {
							"vector": [0, 0.1, 0],
							"easing": "bezier",
							"left": [0, -0.21702, 0],
							"left_time": [-0.1, -0.18486, -0.1],
							"right": [0, 0.21702, 0],
							"right_time": [0.1, 0.18486, 0.1]
						},
						"0.2917": [0, 0.14052, 0],
						"0.3333": [0, 0.15062, 0],
						"0.4167": [0, -0.05062, 0],
						"0.4583": [0, -0.04052, 0],
						"0.5": {
							"vector": [0, 0, 0],
							"easing": "bezier",
							"left": [0, -0.21702, 0],
							"left_time": [-0.1, -0.18486, -0.1],
							"right": [0, 0.21702, 0],
							"right_time": [0.1, 0.18486, 0.1]
						},
						"0.5417": [0, 0.04479, 0],
						"0.5833": [0, 0.07462, 0],
						"0.6667": [0, 0.02538, 0],
						"0.7083": [0, 0.05521, 0],
						"0.75": {
							"vector": [0, 0.1, 0],
							"easing": "bezier",
							"left": [0, -0.21702, 0],
							"left_time": [-0.1, -0.18486, -0.1],
							"right": [0, 0.21702, 0],
							"right_time": [0.1, 0.18486, 0.1]
						},
						"0.7917": [0, 0.14052, 0],
						"0.8333": [0, 0.15062, 0],
						"0.9167": [0, -0.05062, 0],
						"0.9583": [0, -0.04052, 0],
						"1.0": {
							"vector": [0, 0, 0],
							"easing": "bezier",
							"left": [0, -0.21702, 0],
							"left_time": [-0.1, -0.18486, -0.1],
							"right": [0, 0.21702, 0],
							"right_time": [0.1, 0.18486, 0.1]
						},
						"1.0417": [0, 0.04343, 0],
						"1.0833": [0, 0.06156, 0],
						"1.125": [0, -0.06156, 0],
						"1.1667": [0, -0.04343, 0],
						"1.2083": {
							"vector": [0, 0, 0],
							"easing": "bezier",
							"left": [0, -0.21702, 0],
							"left_time": [-0.1, -0.18486, -0.1],
							"right": [0, 0.21702, 0],
							"right_time": [0.1, 0.18486, 0.1]
						},
						"1.25": [0, 0.04479, 0],
						"1.2917": [0, 0.07462, 0],
						"1.375": [0, 0.02538, 0],
						"1.4167": [0, 0.05521, 0],
						"1.4583": {
							"vector": [0, 0.1, 0],
							"easing": "bezier",
							"left": [0, -0.21702, 0],
							"left_time": [-0.1, -0.18486, -0.1],
							"right": [0, 0.21702, 0],
							"right_time": [0.1, 0.18486, 0.1]
						},
						"1.5": [0, 0.14052, 0],
						"1.5417": [0, 0.15062, 0],
						"1.625": [0, -0.05062, 0],
						"1.6667": [0, -0.04052, 0],
						"1.7083": {
							"vector": [0, 0, 0],
							"easing": "bezier",
							"left": [0, -0.21702, 0],
							"left_time": [-0.1, -0.18486, -0.1],
							"right": [0, 0.21702, 0],
							"right_time": [0.1, 0.18486, 0.1]
						},
						"1.75": [0, 0.04479, 0],
						"1.7917": [0, 0.07462, 0],
						"1.875": [0, 0.02538, 0],
						"1.9167": [0, 0.05521, 0],
						"1.9583": {
							"vector": [0, 0.1, 0],
							"easing": "bezier",
							"left": [0, -0.21702, 0],
							"left_time": [-0.1, -0.18486, -0.1],
							"right": [0, 0.21702, 0],
							"right_time": [0.1, 0.18486, 0.1]
						},
						"2.0": [0, 0.14052, 0],
						"2.0417": [0, 0.15062, 0],
						"2.125": [0, -0.05062, 0],
						"2.1667": [0, -0.04052, 0],
						"2.2083": {
							"vector": [0, 0, 0],
							"easing": "bezier",
							"left": [0, -0.21702, 0],
							"left_time": [-0.1, -0.18486, -0.1],
							"right": [0, 0.21702, 0],
							"right_time": [0.1, 0.18486, 0.1]
						},
						"2.25": [0, 0.03897, 0],
						"2.2917": [0, 0.04274, 0],
						"2.3333": [0, -0.09929, 0],
						"2.375": [0, -0.10351, 0],
						"2.4167": {
							"vector": [0, 0, 0],
							"easing": "bezier",
							"left": [0, -0.39574, 0],
							"left_time": [-0.1, -0.14243, -0.1],
							"right": [0, 0.39574, 0],
							"right_time": [0.1, 0.14243, 0.1]
						},
						"2.4583": [0, 0.10066, 0],
						"2.5417": [0, -0.00066, 0],
						"2.5833": {
							"vector": [0, 0.1, 0],
							"easing": "bezier",
							"left": [0, -0.39574, 0],
							"left_time": [-0.1, -0.14243, -0.1],
							"right": [0, 0.39574, 0],
							"right_time": [0.1, 0.14243, 0.1]
						},
						"2.625": [0, 0.19234, 0],
						"2.7083": [0, -0.09234, 0],
						"2.75": {
							"vector": [0, 0, 0],
							"easing": "bezier",
							"left": [0, -0.39574, 0],
							"left_time": [-0.1, -0.14243, -0.1],
							"right": [0, 0.39574, 0],
							"right_time": [0.1, 0.14243, 0.1]
						},
						"2.7917": [0, 0.10066, 0],
						"2.875": [0, -0.00066, 0],
						"2.9167": {
							"vector": [0, 0.1, 0],
							"easing": "bezier",
							"left": [0, -0.39574, 0],
							"left_time": [-0.1, -0.14243, -0.1],
							"right": [0, 0.39574, 0],
							"right_time": [0.1, 0.14243, 0.1]
						},
						"2.9583": [0, 0.20051, 0],
						"3.0": [0, -0.10051, 0],
						"3.0417": {
							"vector": [0, 0, 0],
							"easing": "bezier",
							"left": [0, -0.39574, 0],
							"left_time": [-0.1, -0.14243, -0.1],
							"right": [0, 0.39574, 0],
							"right_time": [0.1, 0.14243, 0.1]
						},
						"3.0833": [0, -0.225, 0],
						"3.125": {
							"vector": [0, 0, 0],
							"easing": "bezier",
							"left": [0, -0.99574, 0],
							"left_time": [-0.1, -0.24664, -0.1],
							"right": [0, 0.99574, 0],
							"right_time": [0.1, 0.24664, 0.1]
						},
						"3.1667": [0, 0.22229, 0],
						"3.25": [0, -0.12229, 0],
						"3.2917": {
							"vector": [0, 0.1, 0],
							"easing": "bezier",
							"left": [0, -0.99574, 0],
							"left_time": [-0.1, -0.24664, -0.1],
							"right": [0, 0.99574, 0],
							"right_time": [0.1, 0.24664, 0.1]
						},
						"3.3333": [0, 0.31634, 0],
						"3.4167": [0, -0.21634, 0],
						"3.4583": {
							"vector": [0, 0, 0],
							"easing": "bezier",
							"left": [0, -0.99574, 0],
							"left_time": [-0.1, -0.24664, -0.1],
							"right": [0, 0.99574, 0],
							"right_time": [0.1, 0.24664, 0.1]
						},
						"3.5": [0, 0.22229, 0],
						"3.5833": [0, -0.12229, 0],
						"3.625": {
							"vector": [0, 0.1, 0],
							"easing": "bezier",
							"left": [0, -0.99574, 0],
							"left_time": [-0.1, -0.24664, -0.1],
							"right": [0, 0.99574, 0],
							"right_time": [0.1, 0.24664, 0.1]
						},
						"3.6667": [0, 0.37624, 0],
						"3.7083": [0, -0.18675, 0],
						"3.75": {
							"vector": [0, 0, 0],
							"easing": "bezier",
							"left": [0, -0.76596, 0],
							"left_time": [-0.1, -0.24129, -0.1],
							"right": [0, 0.76596, 0],
							"right_time": [0.1, 0.24129, 0.1]
						}
					}
				},
				"left_arm": {
					"rotation": {
						"0.0": {
							"post": {
								"vector": [-113.00397, 35.33474, -4.49101]
							},
							"lerp_mode": "catmullrom"
						}
					},
					"position": {
						"0.0": {
							"vector": [0, 0, 0],
							"easing": "bezier",
							"left": [0, -0.21702, 0],
							"left_time": [-0.1, -0.18486, -0.1],
							"right": [0, 0.21702, 0],
							"right_time": [0.1, 0.18486, 0.1]
						},
						"0.0417": [0, 0.04479, 0],
						"0.0833": [0, 0.07462, 0],
						"0.1667": [0, 0.02538, 0],
						"0.2083": [0, 0.05521, 0],
						"0.25": {
							"vector": [0, 0.1, 0],
							"easing": "bezier",
							"left": [0, -0.21702, 0],
							"left_time": [-0.1, -0.18486, -0.1],
							"right": [0, 0.21702, 0],
							"right_time": [0.1, 0.18486, 0.1]
						},
						"0.2917": [0, 0.14052, 0],
						"0.3333": [0, 0.15062, 0],
						"0.4167": [0, -0.05062, 0],
						"0.4583": [0, -0.04052, 0],
						"0.5": {
							"vector": [0, 0, 0],
							"easing": "bezier",
							"left": [0, -0.21702, 0],
							"left_time": [-0.1, -0.18486, -0.1],
							"right": [0, 0.21702, 0],