{
  "format_version": "1.8.0",
  "animations": {
    "lever_grab": {
      "animation_length": 1.0,
      "bones": {
        "right_arm": {
          "rotation": {
            "0.0": {
              "post": { "vector": [0, 0, 0] },
              "lerp_mode": "catmullrom"
            },
            "0.0417": { "post": { "vector": [-5.33874, 0.2635, 0.27611] } },
            "0.0833": { "post": { "vector": [-17.46313, 0.73899, 0.90316] } },
            "0.125": { "post": { "vector": [-33.14266, 1.00359, 1.71407] } },
            "0.1667": { "post": { "vector": [-50.61409, 0.75882, 2.61766] } },
            "0.2083": { "post": { "vector": [-68.63758, -0.1571, 3.5498] } },
            "0.25": { "post": { "vector": [-86.10902, -1.80122, 4.45338] } },
            "0.2917": { "post": { "vector": [-101.78854, -4.16671, 5.2643] } },
            "0.3333": { "post": { "vector": [-113.91293, -7.21347, 5.89134] } },
            "0.375": { "post": { "vector": [-119.25167, -10.88704, 6.16745] } },
            "0.4167": { "post": { "vector": [-119.69936, -14.60058, 6.16745] } },
            "0.4583": { "post": { "vector": [-120.71606, -17.7689, 6.16745] } },
            "0.5": { "post": { "vector": [-122.03089, -20.3378, 6.16745] } },
            "0.5417": { "post": { "vector": [-123.49598, -22.26206, 6.16745] } },
            "0.5833": { "post": { "vector": [-125.00736, -23.52058, 6.16745] } },
            "0.625": { "post": { "vector": [-126.47245, -24.14169, 6.16745] } },
            "0.6667": { "post": { "vector": [-127.78728, -24.23865, 6.16745] } },
            "0.7083": { "post": { "vector": [-128.80398, -24.04024, 6.16745] } },
            "0.75": {
              "post": { "vector": [-129.25167, -23.88704, 6.16745] },
              "lerp_mode": "catmullrom"
            },
            "0.875": {
              "post": { "vector": [-119.25167, -23.88704, 6.16745] }
            }
          },
          "position": {
            "0.0": { "vector": [0, 0, 0] },
            "0.0417": [0, 0, 0],
            "0.5833": [0, 0, 0],
            "0.75": {
              "vector": [0, 0, 0],
              "easing": "bezier",
              "left": [0, 0, 0],
              "left_time": [-0.1, -0.1, -0.1],
              "right": [0, 0, 0],
              "right_time": [0.1, 0.1, 0.1]
            }
          },
          "scale": {
            "0.0": { "vector": [1, 1, 1] }
          }
        },
        "left_arm": {
          "rotation": {
            "0.0": {
              "post": { "vector": [0, 0, 0] },
              "lerp_mode": "catmullrom"
            },
            "0.0417": { "post": { "vector": [-4.29797, 10.72889, -0.00756] } },
            "0.0833": { "post": { "vector": [-13.17673, 19.58529, -0.02318] } },
            "0.125": { "post": { "vector": [-24.17188, 26.49279, -0.04252] } },
            "0.1667": { "post": { "vector": [-36.29624, 31.41263, -0.06385] } },
            "0.2083": { "post": { "vector": [-48.99552, 34.3554, -0.08618] } },
            "0.25": { "post": { "vector": [-61.87258, 35.41538, -0.10884] } },
            "0.2917": { "post": { "vector": [-74.57186, 34.79773, -0.13117] } },
            "0.3333": { "post": { "vector": [-86.69622, 32.85479, -0.1525] } },
            "0.375": { "post": { "vector": [-97.69137, 30.10656, -0.17184] } },
            "0.4167": { "post": { "vector": [-106.57013, 27.23747, -0.18746] } },
            "0.4583": { "post": { "vector": [-110.8681, 25.05384, -0.19502] } },
            "0.5": { "post": { "vector": [-111.51845, 24.14197, -0.42524] } },
            "0.5417": { "post": { "vector": [-113.23687, 24.59176, -1.03354] } },
            "0.5833": { "post": { "vector": [-115.62658, 26.37965, -1.87948] } },
            "0.625": { "post": { "vector": [-118.24549, 29.16508, -2.80655] } },
            "0.6667": { "post": { "vector": [-120.6352, 32.18879, -3.65249] } },
            "0.7083": { "post": { "vector": [-122.35362, 34.48652, -4.2608] } },
            "0.75": {
              "post": { "vector": [-123.00397, 35.33474, -4.49101] },
              "lerp_mode": "catmullrom"
            },
            "0.875": {
              "post": { "vector": [-113.00397, 35.33474, -4.49101] }
            }
          }
        }
      }
    }
  },
  "geckolib_format_version": 2
}
