{
  "format_version": "1.8.0",
  "animations": {
    "animation.interactive_lever": {
      "loop": false,
      "animation_length": 5.0,
      "bones": {
        "bone2": {
          "rotation": {
            "1.58333": [0, 0, 0],
            "1.70833": [1.5, 0, 0],
            "1.83333": [0, 0, 0],
            "3.0": [0, 0, 0],
            "3.125": [1.5, 0, 0],
            "3.25": [0, 0, 0],
            "3.33333": [0, 0, 0],
            "3.41667": [1.5, 0, 0],
            "3.5": [0, 0, 0],
            "3.54167": [0, 0, 0],
            "3.58333": [1.5, 0, 0],
            "3.625": [0, 0, 0],
            "3.66667": [0, 0, 0],
            "3.70833": [0, 0, 0],
            "3.75": [1.5, 0, 0],
            "3.79167": [0, 0, 0],
            "4.125": [0, 0, 0],
            "4.25": [1.5, 0, 0],
            "4.375": [0, 0, 0],
            "4.83333": [0, 0, 0],
            "5.0": [90, 0, 0]
          }
        }
      }
    },
    "animation.interactive_lever_idle_up": {
      "loop": true,
      "animation_length": 1.0,
      "bones": {
        "bone2": {
          "rotation": {
            "0.0": [0, 0, 0]
          }
        }
      }
    },
    "animation.interactive_lever_idle_down": {
      "loop": true,
      "animation_length": 1.0,
      "bones": {
        "bone2": {
          "rotation": {
            "0.0": [90, 0, 0]
          }
        }
      }
    }
  }
}
